timeslice,execution_time,#preemptions,overhead
baseline,5.363898112,0,
10ms,5.431244544,543,124.02657826887642
5ms,5.432091648,1086,62.79331123388572
1ms,5.43522432,5430,13.135581583793636
500us,5.438686976,10860,6.886635727440092
100us,5.467409408,54543,1.8977924939955586
50us,5.505368832,109556,1.291309649859433
20us,5.61516672,277187,0.9064949222005366
10us,5.795623424,564922,0.7642210995500267
7us,5.928520704,825590,0.6839019271066754
5us,6.106629888,1190095,0.6240945269075152
3us,6.582669824,2136371,0.5704869201089134
1us,10.801916928,10412568,0.5222552991730762
