timeslice,execution_time,#preemptions,overhead
baseline,7.152421888,0,
10ms,7.273926912,727,167.13208253094936
5ms,7.274453248,1454,83.92803301237981
1ms,7.277969152,7270,17.269224759284693
500us,7.28475776,14544,9.099001100109986
100us,7.322535424,73038,2.329109997535525
50us,7.372438528,146680,1.4999770929915455
20us,7.513866752,370875,0.9745732767104821
10us,7.769722112,757213,0.8152266588133062
7us,7.945893632,1106391,0.7171711845089119
5us,8.20062848,1597917,0.6559831280348106
3us,8.832884736,2866617,0.5862181268024296
1us,14.55659904,13988632,0.529299587836752
