timeslice,execution_time,#preemptions,overhead
baseline,4.921355264,0,
5us,5.553131264,1083918,0.5828632793255581
